<?xml version="1.0" encoding="UTF-8"?>
<HQL_Promotion_Interface xmlns:xsi="http://www.w3.org/2001/XMLSchema-instance" xsi:noNamespaceSchemaLocation="file:///C:/Users/mm250467/Desktop/XSD%20Schemas/10.7/XSD%20Schemas/HQL_Promotion_Interface.xsd">
	<Retailer Id="3">
		<Promotions>
			<Promotion PromotionHeaderId="40">
				<EnhancedPromotionActiveDays ActiveOnSunday="false" SundayStartTime="00:00:00" SundayEndTime="23:00:00" ActiveOnMonday="false" MondayStartTime="00:00:00" MondayEndTime="23:00:00" ActiveOnTuesday="false" TuesdayStartTime="00:00:00" TuesdayEndTime="23:00:00" ActiveOnWednesday="false" WednesdayStartTime="00:00:00" WednesdayEndTime="23:00:00" ActiveOnThursday="false" ThursdayStartTime="00:00:00" ThursdayEndTime="23:00:00" ActiveOnFriday="false" FridayStartTime="00:00:00" FridayEndTime="23:00:00" ActiveOnSaturday="false" SaturdayStartTime="00:00:00" SaturdayEndTime="23:00:00"/>
				<PromotionDetails HeaderDescription="Enhanced_false_SC" Status="1" TypeId="2" StartDate="2022-01-03T00:00:00" EndDate="2055-09-30T23:59:00" TargetPopulationType="1" PromotionReceiptDescription="SC_Import" AdditionalTypeId="0" ContinuityScope="1" TriggerTiming="false" DiscountAllocationScope="5" DiscountAllocationFlag="true" CouponRewardsScope="2" PromotionFundingScope="1" TicketPrintingScope="0" MeanOfPaymentScope="2" ConflictScope="6" PopulationSegmentsOperator="1" PopulationLocalSegmentsOperator="1" PopulationOfflineMode="1" RequiredCoupon="false" SegmentationMode="0" HomeStoreScope="1" RedemptionLimitScope="0" PromotionFlowStatus="1" ExcludeItemsWithProhibitDiscount="1" TriggerItemsExcludedFromOtherPromotions="0" ExcludeTriggerItemsOfMarkedPromotions="0" ExternalValidationRequired="0" ExcludeRewardedItemsFromSpendConditionThreshold="0" MemberRegistrationRequired="0" DeductRegistrationCost="0" ApplyPartialRewardWithOptimization="true" PromotionRewardWillBeDisregardedByOtherPromotions="false" DisregardRewardOfMarkedPromotions="false" MissedOffer="false" RedeemDigitalCoupon="" DigitalCouponRequired="false" ManualPriorityValue="0" ExcludeFromPriceCompare="false" ItemRedemptionConfirmationRequired="false" CalculatePromotionPostTax="false"/>
				<Distribution>
					<Store Id="1" StartDate="2022-01-03T00:00:00" EndDate="2030-02-28T23:59:00" Suspended="false"/>
				</Distribution>
				<PromotionsLevels>
					<PromotionsLevel Id="1">
						<Reward RewardTemplateId="1" RewardValue="1" RewardValueType="0" LimitDiscountScope="0" LimitItemScope="1" LimitItemCount="1" TimingScope="0" MSUQuantity="0" ReducePriceScope="0" RewardEnteredByCashier="0" AccumulateDiscountIntoMemberAccount="0"/>
						<Thresholds>
							<Threshold BucketId="1" ThresholdTypeId="2" ThresholdValue="1"/>
						</Thresholds>
					</PromotionsLevel>
				</PromotionsLevels>
				<PromotionsBuckets>
					<PromotionsBucket Id="1" QtySize="2" QtySizeMinValue="0.0000" QtySizeMaxValue="0.0000" ThresholdAppliesTo="0" ParticipateInReward="true" RewardCalculationStartsFromMinValue="0" AndOrOperator="true" AllocateDiscountBreakdown="true">
						<BucketEntity EntityId="1" EntityType="0" AndOrOperator="true" Exclude="false"/>
					</PromotionsBucket>
				</PromotionsBuckets>
			</Promotion>
		</Promotions>
	</Retailer>
</HQL_Promotion_Interface>
