<?xml version="1.0" encoding="UTF-8"?>
<HQL_Promotion_Interface xmlns:xsi="http://www.w3.org/2001/XMLSchema-instance" xsi:noNamespaceSchemaLocation="file:///C:/Users/pd185161/OneDrive%20-%20NCR%20Corporation/Desktop/LP/XML%20schemas/HQL_Promotion_Interface.xsd">
	<Retailer Id="3">
		<Promotions>
			<Promotion PromotionHeaderId="44">
				<PromotionActiveDays ActiveOnFriday="true" ActiveOnMonday="true" ActiveOnSaturday="true" ActiveOnSunday="true" ActiveOnThursday="true" ActiveOnTuesday="true" ActiveOnWednesday="true" EndTime="23:59:00" StartTime="00:00:00"/>
				<Distribution>
					<Store EndDate="2056-12-30T23:59:00" Id="0" StartDate="2022-01-03T00:00:00" Suspended="false"/>
				</Distribution>
				<PromotionsLevels>
					<PromotionsLevel Id="1">
						<Thresholds>
							<Threshold BucketId="1" ThresholdTypeId="2" ThresholdValue="1"/>
						</Thresholds>
						<Reward AccumulateDiscountIntoMemberAccount="0" LimitDiscountScope="0" LimitItemCount="1" LimitItemScope="1" LimitRewardMAAmount="1" MABalanceType="101" ReduceMAByRewardValue="1" ReduceMemberAccountValueScope="1" ReducePriceScope="0" RewardEnteredByCashier="0" RewardTemplateId="60" RewardValue="2.98" RewardValueType="2" TimingScope="0"/>
					</PromotionsLevel>
				</PromotionsLevels>
				<PromotionDetails AccountingCode="" AccountingSubCode="" AdditionalTypeId="0" AllowOmniChannelCoupon="0" ApplyPartialRewardWithOptimization="false" CalculatePromotionPostTax="false" CalculatePromotionThresholdExcludeTax="0" ConflictScope="1" ContinuityScope="1" DeductRegistrationCost="0" DigitalCouponRequired="false" DiscountAllocationFlag="true" DiscountAllocationScope="5" DisregardRewardOfMarkedPromotions="false" EndDate="2056-12-30T23:59:00" ExcludeFromPriceCompare="false" ExcludeItemsWithProhibitDiscount="0" ExcludeRewardedItemsFromSpendConditionThreshold="0" ExcludeTriggerItemsOfMarkedPromotions="0" ExternalValidationRequired="0" HeaderDescription="Promo_MTD" HomeStoreScope="1" ItemRedemptionConfirmationRequired="false" ManualPriorityValue="0" MeanOfPaymentScope="2" MemberRegistrationRequired="1" MissedOffer="false" PopulationLocalSegmentsOperator="1" PopulationOfflineMode="1" PopulationSegmentsOperator="1" PromotionFlowStatus="1" PromotionFundingScope="1" PromotionReceiptDescription="Promo_MTD" PromotionRewardWillBeDisregardedByOtherPromotions="false" RedemptionLimitMaximum="9" RedemptionLimitPerDay="6" RedemptionLimitPerTransaction="5" RedemptionLimitScope="1" RegisteredPromotionRedemption="0" Remarks="Test Remarks" ReturnItemEligibility="0" SegmentationMode="0" StartDate="2022-01-03T00:00:00" Status="true" TargetPopulationType="2" TicketPrintingScope="0" TriggerItemsExcludedFromOtherPromotions="0" TriggerTiming="true" TypeId="12"/>
				<PromotionsBuckets>
					<PromotionsBucket AllocateDiscountBreakdown="true" AndOrOperator="true" BucketTriggerItemsWillBeExcludedFromOtherPromotions="false" Id="1" LimitRewardedByConditionSpend="false" ParticipateInReward="true" QtySize="2" QtySizeMaxValue="0.0000" QtySizeMinValue="0.0000" RewardCalculationStartsFromMinValue="0" ThresholdAppliesTo="0">
						<BucketEntity AndOrOperator="true" EntityId="1" EntityType="0" Exclude="true"/>
					</PromotionsBucket>
				</PromotionsBuckets>
			</Promotion>
		</Promotions>
	</Retailer>
</HQL_Promotion_Interface>
