<?xml version="1.0" encoding="UTF-8"?><HQL_Promotion_Interface xmlns:xsi="http://www.w3.org/2001/XMLSchema-instance" xsi:noNamespaceSchemaLocation="file:///C:/Users/mm250467/Desktop/XSD%20Schemas/10.7/XSD%20Schemas/HQL_Promotion_Interface.xsd">	<Retailer Id="3">		<Promotions>			<Promotion PromotionHeaderId="38">				<EnhancedPromotionActiveDays ActiveOnSunday="true" SundayStartTime="21:00:00" SundayEndTime="11:00:00" ActiveOnMonday="true" MondayStartTime="21:00:00" MondayEndTime="11:00:00" ActiveOnTuesday="true" TuesdayStartTime="21:00:00" TuesdayEndTime="11:00:00" ActiveOnWednesday="true" WednesdayStartTime="21:00:00" WednesdayEndTime="11:00:00" ActiveOnThursday="true" ThursdayStartTime="21:00:00" ThursdayEndTime="11:00:00" ActiveOnFriday="true" FridayStartTime="21:00:00" FridayEndTime="11:00:00" ActiveOnSaturday="true" SaturdayStartTime="21:00:00" SaturdayEndTime="11:00:00"/>				<PromotionDetails AccountingCode="" AccountingSubCode="" AdditionalTypeId="0" AllowOmniChannelCoupon="0" ApplyPartialRewardWithOptimization="false" CalculatePromotionPostTax="false" CalculatePromotionThresholdExcludeTax="0" ConflictScope="6" ContinuityScope="1" DeductRegistrationCost="0" DigitalCouponRequired="false" DiscountAllocationFlag="true" DiscountAllocationScope="5" DisregardRewardOfMarkedPromotions="false" EndDate="2055-12-30T23:59:00" ExcludeFromPriceCompare="false" ExcludeItemsWithProhibitDiscount="1" ExcludeRewardedItemsFromSpendConditionThreshold="0" ExcludeTriggerItemsOfMarkedPromotions="0" ExternalValidationRequired="0" HeaderDescription="Enhanced_true_SI" HomeStoreScope="1" ItemRedemptionConfirmationRequired="false" ManualPriorityValue="0" MeanOfPaymentScope="2" MemberRegistrationRequired="1" MissedOffer="false" PopulationLocalSegmentsOperator="1" PopulationOfflineMode="1" PopulationSegmentsOperator="1" PromotionFlowStatus="1" PromotionFundingScope="1" PromotionReceiptDescription="SIPromo" PromotionRewardWillBeDisregardedByOtherPromotions="false" RedemptionLimitScope="0" Remarks="" ReturnItemEligibility="0" SegmentationMode="0" StartDate="2022-01-03T00:00:00" Status="true" TargetPopulationType="1" TicketPrintingScope="0" TriggerItemsExcludedFromOtherPromotions="0" TriggerTiming="true" TypeId="1"/>				<Distribution>					<Store EndDate="2055-12-30T23:59:00" Id="1" StartDate="2022-01-03T00:00:00" Suspended="false"/>				</Distribution>				<PromotionsLevels>					<PromotionsLevel Id="1">						<Thresholds>							<Threshold BucketId="1" ThresholdTypeId="2" ThresholdValue="1"/>						</Thresholds>						<Reward AccumulateDiscountIntoMemberAccount="0" LimitDiscountScope="0" LimitItemCount="1" LimitItemScope="1" MSUQuantity="0" ReducePriceScope="0" RewardEnteredByCashier="0" RewardTemplateId="1" RewardValue="1" RewardValueType="0" TimingScope="0"/>					</PromotionsLevel>				</PromotionsLevels>				<PromotionsBuckets>					<PromotionsBucket AllocateDiscountBreakdown="true" AndOrOperator="true" BucketTriggerItemsWillBeExcludedFromOtherPromotions="false" Id="1" ParticipateInReward="true" QtySize="2" QtySizeMaxValue="0.0000" QtySizeMinValue="0.0000" RewardCalculationStartsFromMinValue="0" ThresholdAppliesTo="0">						<BucketEntity AndOrOperator="true" EntityId="1" EntityType="0" Exclude="false"/>					</PromotionsBucket>				</PromotionsBuckets>			</Promotion>		</Promotions>	</Retailer></HQL_Promotion_Interface>