<?xml version="1.0" encoding="UTF-8"?>
<HQL_Promotion_Interface xmlns:xsi="http://www.w3.org/2001/XMLSchema-instance" xsi:noNamespaceSchemaLocation="file:///C:/Jmeter/apache-jmeter-5.4.1/bin/PSTools/HQL_Promotion_Interface.xsd">
	<Retailer Id="1">
		<Promotions>
			<Promotion PromotionHeaderId="144">
				<PromotionActiveDays ActiveOnSunday="true" ActiveOnMonday="true" ActiveOnTuesday="true" ActiveOnWednesday="true" ActiveOnThursday="true" ActiveOnFriday="true" ActiveOnSaturday="true" StartTime="00:00:00" EndTime="23:59:00"/>
				<PromotionDetails HeaderDescription="Err_targer null" Status="1" TypeId="14" StartDate="2022-02-21T00:00:00" EndDate="2053-03-12T23:59:00" TargetPopulationType="1" PromotionReceiptDescription="targer null" AdditionalTypeId="0" ContinuityScope="1" TriggerTiming="true" DiscountAllocationScope="5" PromotionFundingScope="1" TicketPrintingScope="2" MeanOfPaymentScope="2" ConflictScope="1" PopulationSegmentsOperator="1" PopulationLocalSegmentsOperator="1" PopulationOfflineMode="1" SegmentationMode="0" HomeStoreScope="1" RedemptionLimitScope="0" PromotionFlowStatus="1" ExcludeItemsWithProhibitDiscount="0" TriggerItemsExcludedFromOtherPromotions="0" ExcludeTriggerItemsOfMarkedPromotions="0" ExternalValidationRequired="0" ExcludeRewardedItemsFromSpendConditionThreshold="0" MemberRegistrationRequired="0" DeductRegistrationCost="0" ApplyPartialRewardWithOptimization="false" PromotionRewardWillBeDisregardedByOtherPromotions="false" DisregardRewardOfMarkedPromotions="false" MissedOffer="false" DigitalCouponRequired="false" ManualPriorityValue="0" ExcludeFromPriceCompare="false" AllowOmniChannelCoupon="0" CalculatePromotionThresholdExcludeTax="0" ItemRedemptionConfirmationRequired="false" CalculatePromotionPostTax="false" DiscountAllocationFlag="true" PauseFromExecutionOnStores="false" DisregardItemMinimumPrice="true"/>
				<Distribution>
					<Store Id="0" StartDate="2022-02-21T00:00:00" EndDate="2053-03-12T23:59:00"/>
				</Distribution>
				<PromotionsLevels>
					<PromotionsLevel Id="1">
						<Reward RewardTemplateId="2" RewardValue="1" RewardValueType="0" TimingScope="0" ManualRewardValueScope="0" ReducePriceScope="0" ReduceMAByRewardValue="1" ReduceMemberAccountValueScope="2"/>
						<Thresholds>
							<Threshold BucketId="1" ThresholdTypeId="2" ThresholdValue="1"/>
						</Thresholds>
					</PromotionsLevel>
				</PromotionsLevels>
				<PromotionsBuckets>
					<PromotionsBucket Id="1" QtySize="2" QtySizeMinValue="0.0000" QtySizeMaxValue="0.0000" ThresholdAppliesTo="0" ParticipateInReward="true" RewardCalculationStartsFromMinValue="0" AndOrOperator="true" AllocateDiscountBreakdown="true" BucketTriggerItemsWillBeExcludedFromOtherPromotions="false" BucketExcludeTriggerItemsOfMarkedPromotions="false" DeductTenderAmountFromQualifyingTicketSpend="false" ApplyOnGrossTenderAmount="true">
						<BucketEntity EntityId="1" EntityType="0" AndOrOperator="true" Exclude="false"/>
					</PromotionsBucket>
				</PromotionsBuckets>
				<PromotionAttributes>
					<Attribute Id="4410" Value="1"/>
					<Attribute Id="5409" Value="1"/>
				</PromotionAttributes>
			</Promotion>
		</Promotions>
	</Retailer>
</HQL_Promotion_Interface>
